id_produit,nom,description,prix
1,Sueur Accomplir,Étroit mener fonction recommencer.,172.52
2,Précieux Joli,Chambre erreur acheter entretenir voile.,170.7
3,Proposer Dormir,Ruine éclairer éviter double le ça marche.,19.99
4,Avouer Tourner,Curiosité mémoire voyager remplacer boire déjà.,63.61
5,Dont Allumer,Moitié croire heureux un espérer lien.,105.64
6,Lumière Appartement,Folie vendre douleur scène.,148.73
7,Empire Pourtant,Mur muet montrer perdre cela bras eh.,185.92
8,Intérieur Chiffre,Lit voler forêt extraordinaire quoi.,145.3
9,Bois Marcher,Dépasser vue rejeter hier briser.,122.48
10,Lueur Regarder,Avant être état gauche.,15.41
11,Médecin Savoir,Rouge dans assurer gagner membre accord admettre.,81.21
12,Croix Seigneur,Arrivée donc cuisine qui.,15.47
13,Gros Nouveau,Jeune agiter terrible parler argent exécuter.,49.73
14,Perdre Société,Fatigue quarante son encore mince.,119.92
15,Six Avance,Supporter hiver aventure prêt pays ici venir.,120.02
16,Image Assez,Peser embrasser naturel puis miser pierre lorsque occasion.,106.07
17,Compagnie Verre,Mot ville absolument choisir élément riche.,67.87
18,Blanc Montagne,Attitude énergie chambre doucement siège visage appartement.,120.26
19,Madame Voir,Près brûler discussion chaise décrire.,45.76
20,Avant Songer,As crise or besoin.,67.51
